week_date,unit,row,col,artist_type,local_pct
2026-02-19,1,1,1,Local,36
2026-02-19,2,1,2,Local,36
2026-02-19,3,1,3,Local,36
2026-02-19,4,1,4,Local,36
2026-02-19,5,1,5,Local,36
2026-02-19,6,1,6,Local,36
2026-02-19,7,1,7,Local,36
2026-02-19,8,1,8,Local,36
2026-02-19,9,1,9,Local,36
2026-02-19,10,1,10,Local,36
2026-02-19,11,2,1,Local,36
2026-02-19,12,2,2,Local,36
2026-02-19,13,2,3,Local,36
2026-02-19,14,2,4,Local,36
2026-02-19,15,2,5,Local,36
2026-02-19,16,2,6,Local,36
2026-02-19,17,2,7,Local,36
2026-02-19,18,2,8,Local,36
2026-02-19,19,2,9,Local,36
2026-02-19,20,2,10,Local,36
2026-02-19,21,3,1,Local,36
2026-02-19,22,3,2,Local,36
2026-02-19,23,3,3,Local,36
2026-02-19,24,3,4,Local,36
2026-02-19,25,3,5,Local,36
2026-02-19,26,3,6,Local,36
2026-02-19,27,3,7,Local,36
2026-02-19,28,3,8,Local,36
2026-02-19,29,3,9,Local,36
2026-02-19,30,3,10,Local,36
2026-02-19,31,4,1,Local,36
2026-02-19,32,4,2,Local,36
2026-02-19,33,4,3,Local,36
2026-02-19,34,4,4,Local,36
2026-02-19,35,4,5,Local,36
2026-02-19,36,4,6,Local,36
2026-02-19,37,4,7,International,36
2026-02-19,38,4,8,International,36
2026-02-19,39,4,9,International,36
2026-02-19,40,4,10,International,36
2026-02-19,41,5,1,International,36
2026-02-19,42,5,2,International,36
2026-02-19,43,5,3,International,36
2026-02-19,44,5,4,International,36
2026-02-19,45,5,5,International,36
2026-02-19,46,5,6,International,36
2026-02-19,47,5,7,International,36
2026-02-19,48,5,8,International,36
2026-02-19,49,5,9,International,36
2026-02-19,50,5,10,International,36
2026-02-19,51,6,1,International,36
2026-02-19,52,6,2,International,36
2026-02-19,53,6,3,International,36
2026-02-19,54,6,4,International,36
2026-02-19,55,6,5,International,36
2026-02-19,56,6,6,International,36
2026-02-19,57,6,7,International,36
2026-02-19,58,6,8,International,36
2026-02-19,59,6,9,International,36
2026-02-19,60,6,10,International,36
2026-02-19,61,7,1,International,36
2026-02-19,62,7,2,International,36
2026-02-19,63,7,3,International,36
2026-02-19,64,7,4,International,36
2026-02-19,65,7,5,International,36
2026-02-19,66,7,6,International,36
2026-02-19,67,7,7,International,36
2026-02-19,68,7,8,International,36
2026-02-19,69,7,9,International,36
2026-02-19,70,7,10,International,36
2026-02-19,71,8,1,International,36
2026-02-19,72,8,2,International,36
2026-02-19,73,8,3,International,36
2026-02-19,74,8,4,International,36
2026-02-19,75,8,5,International,36
2026-02-19,76,8,6,International,36
2026-02-19,77,8,7,International,36
2026-02-19,78,8,8,International,36
2026-02-19,79,8,9,International,36
2026-02-19,80,8,10,International,36
2026-02-19,81,9,1,International,36
2026-02-19,82,9,2,International,36
2026-02-19,83,9,3,International,36
2026-02-19,84,9,4,International,36
2026-02-19,85,9,5,International,36
2026-02-19,86,9,6,International,36
2026-02-19,87,9,7,International,36
2026-02-19,88,9,8,International,36
2026-02-19,89,9,9,International,36
2026-02-19,90,9,10,International,36
2026-02-19,91,10,1,International,36
2026-02-19,92,10,2,International,36
2026-02-19,93,10,3,International,36
2026-02-19,94,10,4,International,36
2026-02-19,95,10,5,International,36
2026-02-19,96,10,6,International,36
2026-02-19,97,10,7,International,36
2026-02-19,98,10,8,International,36
2026-02-19,99,10,9,International,36
2026-02-19,100,10,10,International,36
2026-02-26,1,1,1,Local,32
2026-02-26,2,1,2,Local,32
2026-02-26,3,1,3,Local,32
2026-02-26,4,1,4,Local,32
2026-02-26,5,1,5,Local,32
2026-02-26,6,1,6,Local,32
2026-02-26,7,1,7,Local,32
2026-02-26,8,1,8,Local,32
2026-02-26,9,1,9,Local,32
2026-02-26,10,1,10,Local,32
2026-02-26,11,2,1,Local,32
2026-02-26,12,2,2,Local,32
2026-02-26,13,2,3,Local,32
2026-02-26,14,2,4,Local,32
2026-02-26,15,2,5,Local,32
2026-02-26,16,2,6,Local,32
2026-02-26,17,2,7,Local,32
2026-02-26,18,2,8,Local,32
2026-02-26,19,2,9,Local,32
2026-02-26,20,2,10,Local,32
2026-02-26,21,3,1,Local,32
2026-02-26,22,3,2,Local,32
2026-02-26,23,3,3,Local,32
2026-02-26,24,3,4,Local,32
2026-02-26,25,3,5,Local,32
2026-02-26,26,3,6,Local,32
2026-02-26,27,3,7,Local,32
2026-02-26,28,3,8,Local,32
2026-02-26,29,3,9,Local,32
2026-02-26,30,3,10,Local,32
2026-02-26,31,4,1,Local,32
2026-02-26,32,4,2,Local,32
2026-02-26,33,4,3,International,32
2026-02-26,34,4,4,International,32
2026-02-26,35,4,5,International,32
2026-02-26,36,4,6,International,32
2026-02-26,37,4,7,International,32
2026-02-26,38,4,8,International,32
2026-02-26,39,4,9,International,32
2026-02-26,40,4,10,International,32
2026-02-26,41,5,1,International,32
2026-02-26,42,5,2,International,32
2026-02-26,43,5,3,International,32
2026-02-26,44,5,4,International,32
2026-02-26,45,5,5,International,32
2026-02-26,46,5,6,International,32
2026-02-26,47,5,7,International,32
2026-02-26,48,5,8,International,32
2026-02-26,49,5,9,International,32
2026-02-26,50,5,10,International,32
2026-02-26,51,6,1,International,32
2026-02-26,52,6,2,International,32
2026-02-26,53,6,3,International,32
2026-02-26,54,6,4,International,32
2026-02-26,55,6,5,International,32
2026-02-26,56,6,6,International,32
2026-02-26,57,6,7,International,32
2026-02-26,58,6,8,International,32
2026-02-26,59,6,9,International,32
2026-02-26,60,6,10,International,32
2026-02-26,61,7,1,International,32
2026-02-26,62,7,2,International,32
2026-02-26,63,7,3,International,32
2026-02-26,64,7,4,International,32
2026-02-26,65,7,5,International,32
2026-02-26,66,7,6,International,32
2026-02-26,67,7,7,International,32
2026-02-26,68,7,8,International,32
2026-02-26,69,7,9,International,32
2026-02-26,70,7,10,International,32
2026-02-26,71,8,1,International,32
2026-02-26,72,8,2,International,32
2026-02-26,73,8,3,International,32
2026-02-26,74,8,4,International,32
2026-02-26,75,8,5,International,32
2026-02-26,76,8,6,International,32
2026-02-26,77,8,7,International,32
2026-02-26,78,8,8,International,32
2026-02-26,79,8,9,International,32
2026-02-26,80,8,10,International,32
2026-02-26,81,9,1,International,32
2026-02-26,82,9,2,International,32
2026-02-26,83,9,3,International,32
2026-02-26,84,9,4,International,32
2026-02-26,85,9,5,International,32
2026-02-26,86,9,6,International,32
2026-02-26,87,9,7,International,32
2026-02-26,88,9,8,International,32
2026-02-26,89,9,9,International,32
2026-02-26,90,9,10,International,32
2026-02-26,91,10,1,International,32
2026-02-26,92,10,2,International,32
2026-02-26,93,10,3,International,32
2026-02-26,94,10,4,International,32
2026-02-26,95,10,5,International,32
2026-02-26,96,10,6,International,32
2026-02-26,97,10,7,International,32
2026-02-26,98,10,8,International,32
2026-02-26,99,10,9,International,32
2026-02-26,100,10,10,International,32
2026-03-05,1,1,1,Local,30
2026-03-05,2,1,2,Local,30
2026-03-05,3,1,3,Local,30
2026-03-05,4,1,4,Local,30
2026-03-05,5,1,5,Local,30
2026-03-05,6,1,6,Local,30
2026-03-05,7,1,7,Local,30
2026-03-05,8,1,8,Local,30
2026-03-05,9,1,9,Local,30
2026-03-05,10,1,10,Local,30
2026-03-05,11,2,1,Local,30
2026-03-05,12,2,2,Local,30
2026-03-05,13,2,3,Local,30
2026-03-05,14,2,4,Local,30
2026-03-05,15,2,5,Local,30
2026-03-05,16,2,6,Local,30
2026-03-05,17,2,7,Local,30
2026-03-05,18,2,8,Local,30
2026-03-05,19,2,9,Local,30
2026-03-05,20,2,10,Local,30
2026-03-05,21,3,1,Local,30
2026-03-05,22,3,2,Local,30
2026-03-05,23,3,3,Local,30
2026-03-05,24,3,4,Local,30
2026-03-05,25,3,5,Local,30
2026-03-05,26,3,6,Local,30
2026-03-05,27,3,7,Local,30
2026-03-05,28,3,8,Local,30
2026-03-05,29,3,9,Local,30
2026-03-05,30,3,10,Local,30
2026-03-05,31,4,1,International,30
2026-03-05,32,4,2,International,30
2026-03-05,33,4,3,International,30
2026-03-05,34,4,4,International,30
2026-03-05,35,4,5,International,30
2026-03-05,36,4,6,International,30
2026-03-05,37,4,7,International,30
2026-03-05,38,4,8,International,30
2026-03-05,39,4,9,International,30
2026-03-05,40,4,10,International,30
2026-03-05,41,5,1,International,30
2026-03-05,42,5,2,International,30
2026-03-05,43,5,3,International,30
2026-03-05,44,5,4,International,30
2026-03-05,45,5,5,International,30
2026-03-05,46,5,6,International,30
2026-03-05,47,5,7,International,30
2026-03-05,48,5,8,International,30
2026-03-05,49,5,9,International,30
2026-03-05,50,5,10,International,30
2026-03-05,51,6,1,International,30
2026-03-05,52,6,2,International,30
2026-03-05,53,6,3,International,30
2026-03-05,54,6,4,International,30
2026-03-05,55,6,5,International,30
2026-03-05,56,6,6,International,30
2026-03-05,57,6,7,International,30
2026-03-05,58,6,8,International,30
2026-03-05,59,6,9,International,30
2026-03-05,60,6,10,International,30
2026-03-05,61,7,1,International,30
2026-03-05,62,7,2,International,30
2026-03-05,63,7,3,International,30
2026-03-05,64,7,4,International,30
2026-03-05,65,7,5,International,30
2026-03-05,66,7,6,International,30
2026-03-05,67,7,7,International,30
2026-03-05,68,7,8,International,30
2026-03-05,69,7,9,International,30
2026-03-05,70,7,10,International,30
2026-03-05,71,8,1,International,30
2026-03-05,72,8,2,International,30
2026-03-05,73,8,3,International,30
2026-03-05,74,8,4,International,30
2026-03-05,75,8,5,International,30
2026-03-05,76,8,6,International,30
2026-03-05,77,8,7,International,30
2026-03-05,78,8,8,International,30
2026-03-05,79,8,9,International,30
2026-03-05,80,8,10,International,30
2026-03-05,81,9,1,International,30
2026-03-05,82,9,2,International,30
2026-03-05,83,9,3,International,30
2026-03-05,84,9,4,International,30
2026-03-05,85,9,5,International,30
2026-03-05,86,9,6,International,30
2026-03-05,87,9,7,International,30
2026-03-05,88,9,8,International,30
2026-03-05,89,9,9,International,30
2026-03-05,90,9,10,International,30
2026-03-05,91,10,1,International,30
2026-03-05,92,10,2,International,30
2026-03-05,93,10,3,International,30
2026-03-05,94,10,4,International,30
2026-03-05,95,10,5,International,30
2026-03-05,96,10,6,International,30
2026-03-05,97,10,7,International,30
2026-03-05,98,10,8,International,30
2026-03-05,99,10,9,International,30
2026-03-05,100,10,10,International,30
2026-03-12,1,1,1,Local,40
2026-03-12,2,1,2,Local,40
2026-03-12,3,1,3,Local,40
2026-03-12,4,1,4,Local,40
2026-03-12,5,1,5,Local,40
2026-03-12,6,1,6,Local,40
2026-03-12,7,1,7,Local,40
2026-03-12,8,1,8,Local,40
2026-03-12,9,1,9,Local,40
2026-03-12,10,1,10,Local,40
2026-03-12,11,2,1,Local,40
2026-03-12,12,2,2,Local,40
2026-03-12,13,2,3,Local,40
2026-03-12,14,2,4,Local,40
2026-03-12,15,2,5,Local,40
2026-03-12,16,2,6,Local,40
2026-03-12,17,2,7,Local,40
2026-03-12,18,2,8,Local,40
2026-03-12,19,2,9,Local,40
2026-03-12,20,2,10,Local,40
2026-03-12,21,3,1,Local,40
2026-03-12,22,3,2,Local,40
2026-03-12,23,3,3,Local,40
2026-03-12,24,3,4,Local,40
2026-03-12,25,3,5,Local,40
2026-03-12,26,3,6,Local,40
2026-03-12,27,3,7,Local,40
2026-03-12,28,3,8,Local,40
2026-03-12,29,3,9,Local,40
2026-03-12,30,3,10,Local,40
2026-03-12,31,4,1,Local,40
2026-03-12,32,4,2,Local,40
2026-03-12,33,4,3,Local,40
2026-03-12,34,4,4,Local,40
2026-03-12,35,4,5,Local,40
2026-03-12,36,4,6,Local,40
2026-03-12,37,4,7,Local,40
2026-03-12,38,4,8,Local,40
2026-03-12,39,4,9,Local,40
2026-03-12,40,4,10,Local,40
2026-03-12,41,5,1,International,40
2026-03-12,42,5,2,International,40
2026-03-12,43,5,3,International,40
2026-03-12,44,5,4,International,40
2026-03-12,45,5,5,International,40
2026-03-12,46,5,6,International,40
2026-03-12,47,5,7,International,40
2026-03-12,48,5,8,International,40
2026-03-12,49,5,9,International,40
2026-03-12,50,5,10,International,40
2026-03-12,51,6,1,International,40
2026-03-12,52,6,2,International,40
2026-03-12,53,6,3,International,40
2026-03-12,54,6,4,International,40
2026-03-12,55,6,5,International,40
2026-03-12,56,6,6,International,40
2026-03-12,57,6,7,International,40
2026-03-12,58,6,8,International,40
2026-03-12,59,6,9,International,40
2026-03-12,60,6,10,International,40
2026-03-12,61,7,1,International,40
2026-03-12,62,7,2,International,40
2026-03-12,63,7,3,International,40
2026-03-12,64,7,4,International,40
2026-03-12,65,7,5,International,40
2026-03-12,66,7,6,International,40
2026-03-12,67,7,7,International,40
2026-03-12,68,7,8,International,40
2026-03-12,69,7,9,International,40
2026-03-12,70,7,10,International,40
2026-03-12,71,8,1,International,40
2026-03-12,72,8,2,International,40
2026-03-12,73,8,3,International,40
2026-03-12,74,8,4,International,40
2026-03-12,75,8,5,International,40
2026-03-12,76,8,6,International,40
2026-03-12,77,8,7,International,40
2026-03-12,78,8,8,International,40
2026-03-12,79,8,9,International,40
2026-03-12,80,8,10,International,40
2026-03-12,81,9,1,International,40
2026-03-12,82,9,2,International,40
2026-03-12,83,9,3,International,40
2026-03-12,84,9,4,International,40
2026-03-12,85,9,5,International,40
2026-03-12,86,9,6,International,40
2026-03-12,87,9,7,International,40
2026-03-12,88,9,8,International,40
2026-03-12,89,9,9,International,40
2026-03-12,90,9,10,International,40
2026-03-12,91,10,1,International,40
2026-03-12,92,10,2,International,40
2026-03-12,93,10,3,International,40
2026-03-12,94,10,4,International,40
2026-03-12,95,10,5,International,40
2026-03-12,96,10,6,International,40
2026-03-12,97,10,7,International,40
2026-03-12,98,10,8,International,40
2026-03-12,99,10,9,International,40
2026-03-12,100,10,10,International,40
2026-03-19,1,1,1,Local,55
2026-03-19,2,1,2,Local,55
2026-03-19,3,1,3,Local,55
2026-03-19,4,1,4,Local,55
2026-03-19,5,1,5,Local,55
2026-03-19,6,1,6,Local,55
2026-03-19,7,1,7,Local,55
2026-03-19,8,1,8,Local,55
2026-03-19,9,1,9,Local,55
2026-03-19,10,1,10,Local,55
2026-03-19,11,2,1,Local,55
2026-03-19,12,2,2,Local,55
2026-03-19,13,2,3,Local,55
2026-03-19,14,2,4,Local,55
2026-03-19,15,2,5,Local,55
2026-03-19,16,2,6,Local,55
2026-03-19,17,2,7,Local,55
2026-03-19,18,2,8,Local,55
2026-03-19,19,2,9,Local,55
2026-03-19,20,2,10,Local,55
2026-03-19,21,3,1,Local,55
2026-03-19,22,3,2,Local,55
2026-03-19,23,3,3,Local,55
2026-03-19,24,3,4,Local,55
2026-03-19,25,3,5,Local,55
2026-03-19,26,3,6,Local,55
2026-03-19,27,3,7,Local,55
2026-03-19,28,3,8,Local,55
2026-03-19,29,3,9,Local,55
2026-03-19,30,3,10,Local,55
2026-03-19,31,4,1,Local,55
2026-03-19,32,4,2,Local,55
2026-03-19,33,4,3,Local,55
2026-03-19,34,4,4,Local,55
2026-03-19,35,4,5,Local,55
2026-03-19,36,4,6,Local,55
2026-03-19,37,4,7,Local,55
2026-03-19,38,4,8,Local,55
2026-03-19,39,4,9,Local,55
2026-03-19,40,4,10,Local,55
2026-03-19,41,5,1,Local,55
2026-03-19,42,5,2,Local,55
2026-03-19,43,5,3,Local,55
2026-03-19,44,5,4,Local,55
2026-03-19,45,5,5,Local,55
2026-03-19,46,5,6,Local,55
2026-03-19,47,5,7,Local,55
2026-03-19,48,5,8,Local,55
2026-03-19,49,5,9,Local,55
2026-03-19,50,5,10,Local,55
2026-03-19,51,6,1,Local,55
2026-03-19,52,6,2,Local,55
2026-03-19,53,6,3,Local,55
2026-03-19,54,6,4,Local,55
2026-03-19,55,6,5,Local,55
2026-03-19,56,6,6,International,55
2026-03-19,57,6,7,International,55
2026-03-19,58,6,8,International,55
2026-03-19,59,6,9,International,55
2026-03-19,60,6,10,International,55
2026-03-19,61,7,1,International,55
2026-03-19,62,7,2,International,55
2026-03-19,63,7,3,International,55
2026-03-19,64,7,4,International,55
2026-03-19,65,7,5,International,55
2026-03-19,66,7,6,International,55
2026-03-19,67,7,7,International,55
2026-03-19,68,7,8,International,55
2026-03-19,69,7,9,International,55
2026-03-19,70,7,10,International,55
2026-03-19,71,8,1,International,55
2026-03-19,72,8,2,International,55
2026-03-19,73,8,3,International,55
2026-03-19,74,8,4,International,55
2026-03-19,75,8,5,International,55
2026-03-19,76,8,6,International,55
2026-03-19,77,8,7,International,55
2026-03-19,78,8,8,International,55
2026-03-19,79,8,9,International,55
2026-03-19,80,8,10,International,55
2026-03-19,81,9,1,International,55
2026-03-19,82,9,2,International,55
2026-03-19,83,9,3,International,55
2026-03-19,84,9,4,International,55
2026-03-19,85,9,5,International,55
2026-03-19,86,9,6,International,55
2026-03-19,87,9,7,International,55
2026-03-19,88,9,8,International,55
2026-03-19,89,9,9,International,55
2026-03-19,90,9,10,International,55
2026-03-19,91,10,1,International,55
2026-03-19,92,10,2,International,55
2026-03-19,93,10,3,International,55
2026-03-19,94,10,4,International,55
2026-03-19,95,10,5,International,55
2026-03-19,96,10,6,International,55
2026-03-19,97,10,7,International,55
2026-03-19,98,10,8,International,55
2026-03-19,99,10,9,International,55
2026-03-19,100,10,10,International,55
2026-03-26,1,1,1,Local,51
2026-03-26,2,1,2,Local,51
2026-03-26,3,1,3,Local,51
2026-03-26,4,1,4,Local,51
2026-03-26,5,1,5,Local,51
2026-03-26,6,1,6,Local,51
2026-03-26,7,1,7,Local,51
2026-03-26,8,1,8,Local,51
2026-03-26,9,1,9,Local,51
2026-03-26,10,1,10,Local,51
2026-03-26,11,2,1,Local,51
2026-03-26,12,2,2,Local,51
2026-03-26,13,2,3,Local,51
2026-03-26,14,2,4,Local,51
2026-03-26,15,2,5,Local,51
2026-03-26,16,2,6,Local,51
2026-03-26,17,2,7,Local,51
2026-03-26,18,2,8,Local,51
2026-03-26,19,2,9,Local,51
2026-03-26,20,2,10,Local,51
2026-03-26,21,3,1,Local,51
2026-03-26,22,3,2,Local,51
2026-03-26,23,3,3,Local,51
2026-03-26,24,3,4,Local,51
2026-03-26,25,3,5,Local,51
2026-03-26,26,3,6,Local,51
2026-03-26,27,3,7,Local,51
2026-03-26,28,3,8,Local,51
2026-03-26,29,3,9,Local,51
2026-03-26,30,3,10,Local,51
2026-03-26,31,4,1,Local,51
2026-03-26,32,4,2,Local,51
2026-03-26,33,4,3,Local,51
2026-03-26,34,4,4,Local,51
2026-03-26,35,4,5,Local,51
2026-03-26,36,4,6,Local,51
2026-03-26,37,4,7,Local,51
2026-03-26,38,4,8,Local,51
2026-03-26,39,4,9,Local,51
2026-03-26,40,4,10,Local,51
2026-03-26,41,5,1,Local,51
2026-03-26,42,5,2,Local,51
2026-03-26,43,5,3,Local,51
2026-03-26,44,5,4,Local,51
2026-03-26,45,5,5,Local,51
2026-03-26,46,5,6,Local,51
2026-03-26,47,5,7,Local,51
2026-03-26,48,5,8,Local,51
2026-03-26,49,5,9,Local,51
2026-03-26,50,5,10,Local,51
2026-03-26,51,6,1,Local,51
2026-03-26,52,6,2,International,51
2026-03-26,53,6,3,International,51
2026-03-26,54,6,4,International,51
2026-03-26,55,6,5,International,51
2026-03-26,56,6,6,International,51
2026-03-26,57,6,7,International,51
2026-03-26,58,6,8,International,51
2026-03-26,59,6,9,International,51
2026-03-26,60,6,10,International,51
2026-03-26,61,7,1,International,51
2026-03-26,62,7,2,International,51
2026-03-26,63,7,3,International,51
2026-03-26,64,7,4,International,51
2026-03-26,65,7,5,International,51
2026-03-26,66,7,6,International,51
2026-03-26,67,7,7,International,51
2026-03-26,68,7,8,International,51
2026-03-26,69,7,9,International,51
2026-03-26,70,7,10,International,51
2026-03-26,71,8,1,International,51
2026-03-26,72,8,2,International,51
2026-03-26,73,8,3,International,51
2026-03-26,74,8,4,International,51
2026-03-26,75,8,5,International,51
2026-03-26,76,8,6,International,51
2026-03-26,77,8,7,International,51
2026-03-26,78,8,8,International,51
2026-03-26,79,8,9,International,51
2026-03-26,80,8,10,International,51
2026-03-26,81,9,1,International,51
2026-03-26,82,9,2,International,51
2026-03-26,83,9,3,International,51
2026-03-26,84,9,4,International,51
2026-03-26,85,9,5,International,51
2026-03-26,86,9,6,International,51
2026-03-26,87,9,7,International,51
2026-03-26,88,9,8,International,51
2026-03-26,89,9,9,International,51
2026-03-26,90,9,10,International,51
2026-03-26,91,10,1,International,51
2026-03-26,92,10,2,International,51
2026-03-26,93,10,3,International,51
2026-03-26,94,10,4,International,51
2026-03-26,95,10,5,International,51
2026-03-26,96,10,6,International,51
2026-03-26,97,10,7,International,51
2026-03-26,98,10,8,International,51
2026-03-26,99,10,9,International,51
2026-03-26,100,10,10,International,51
2026-04-02,1,1,1,Local,33
2026-04-02,2,1,2,Local,33
2026-04-02,3,1,3,Local,33
2026-04-02,4,1,4,Local,33
2026-04-02,5,1,5,Local,33
2026-04-02,6,1,6,Local,33
2026-04-02,7,1,7,Local,33
2026-04-02,8,1,8,Local,33
2026-04-02,9,1,9,Local,33
2026-04-02,10,1,10,Local,33
2026-04-02,11,2,1,Local,33
2026-04-02,12,2,2,Local,33
2026-04-02,13,2,3,Local,33
2026-04-02,14,2,4,Local,33
2026-04-02,15,2,5,Local,33
2026-04-02,16,2,6,Local,33
2026-04-02,17,2,7,Local,33
2026-04-02,18,2,8,Local,33
2026-04-02,19,2,9,Local,33
2026-04-02,20,2,10,Local,33
2026-04-02,21,3,1,Local,33
2026-04-02,22,3,2,Local,33
2026-04-02,23,3,3,Local,33
2026-04-02,24,3,4,Local,33
2026-04-02,25,3,5,Local,33
2026-04-02,26,3,6,Local,33
2026-04-02,27,3,7,Local,33
2026-04-02,28,3,8,Local,33
2026-04-02,29,3,9,Local,33
2026-04-02,30,3,10,Local,33
2026-04-02,31,4,1,Local,33
2026-04-02,32,4,2,Local,33
2026-04-02,33,4,3,Local,33
2026-04-02,34,4,4,International,33
2026-04-02,35,4,5,International,33
2026-04-02,36,4,6,International,33
2026-04-02,37,4,7,International,33
2026-04-02,38,4,8,International,33
2026-04-02,39,4,9,International,33
2026-04-02,40,4,10,International,33
2026-04-02,41,5,1,International,33
2026-04-02,42,5,2,International,33
2026-04-02,43,5,3,International,33
2026-04-02,44,5,4,International,33
2026-04-02,45,5,5,International,33
2026-04-02,46,5,6,International,33
2026-04-02,47,5,7,International,33
2026-04-02,48,5,8,International,33
2026-04-02,49,5,9,International,33
2026-04-02,50,5,10,International,33
2026-04-02,51,6,1,International,33
2026-04-02,52,6,2,International,33
2026-04-02,53,6,3,International,33
2026-04-02,54,6,4,International,33
2026-04-02,55,6,5,International,33
2026-04-02,56,6,6,International,33
2026-04-02,57,6,7,International,33
2026-04-02,58,6,8,International,33
2026-04-02,59,6,9,International,33
2026-04-02,60,6,10,International,33
2026-04-02,61,7,1,International,33
2026-04-02,62,7,2,International,33
2026-04-02,63,7,3,International,33
2026-04-02,64,7,4,International,33
2026-04-02,65,7,5,International,33
2026-04-02,66,7,6,International,33
2026-04-02,67,7,7,International,33
2026-04-02,68,7,8,International,33
2026-04-02,69,7,9,International,33
2026-04-02,70,7,10,International,33
2026-04-02,71,8,1,International,33
2026-04-02,72,8,2,International,33
2026-04-02,73,8,3,International,33
2026-04-02,74,8,4,International,33
2026-04-02,75,8,5,International,33
2026-04-02,76,8,6,International,33
2026-04-02,77,8,7,International,33
2026-04-02,78,8,8,International,33
2026-04-02,79,8,9,International,33
2026-04-02,80,8,10,International,33
2026-04-02,81,9,1,International,33
2026-04-02,82,9,2,International,33
2026-04-02,83,9,3,International,33
2026-04-02,84,9,4,International,33
2026-04-02,85,9,5,International,33
2026-04-02,86,9,6,International,33
2026-04-02,87,9,7,International,33
2026-04-02,88,9,8,International,33
2026-04-02,89,9,9,International,33
2026-04-02,90,9,10,International,33
2026-04-02,91,10,1,International,33
2026-04-02,92,10,2,International,33
2026-04-02,93,10,3,International,33
2026-04-02,94,10,4,International,33
2026-04-02,95,10,5,International,33
2026-04-02,96,10,6,International,33
2026-04-02,97,10,7,International,33
2026-04-02,98,10,8,International,33
2026-04-02,99,10,9,International,33
2026-04-02,100,10,10,International,33
2026-04-16,1,1,1,Local,28
2026-04-16,2,1,2,Local,28
2026-04-16,3,1,3,Local,28
2026-04-16,4,1,4,Local,28
2026-04-16,5,1,5,Local,28
2026-04-16,6,1,6,Local,28
2026-04-16,7,1,7,Local,28
2026-04-16,8,1,8,Local,28
2026-04-16,9,1,9,Local,28
2026-04-16,10,1,10,Local,28
2026-04-16,11,2,1,Local,28
2026-04-16,12,2,2,Local,28
2026-04-16,13,2,3,Local,28
2026-04-16,14,2,4,Local,28
2026-04-16,15,2,5,Local,28
2026-04-16,16,2,6,Local,28
2026-04-16,17,2,7,Local,28
2026-04-16,18,2,8,Local,28
2026-04-16,19,2,9,Local,28
2026-04-16,20,2,10,Local,28
2026-04-16,21,3,1,Local,28
2026-04-16,22,3,2,Local,28
2026-04-16,23,3,3,Local,28
2026-04-16,24,3,4,Local,28
2026-04-16,25,3,5,Local,28
2026-04-16,26,3,6,Local,28
2026-04-16,27,3,7,Local,28
2026-04-16,28,3,8,Local,28
2026-04-16,29,3,9,International,28
2026-04-16,30,3,10,International,28
2026-04-16,31,4,1,International,28
2026-04-16,32,4,2,International,28
2026-04-16,33,4,3,International,28
2026-04-16,34,4,4,International,28
2026-04-16,35,4,5,International,28
2026-04-16,36,4,6,International,28
2026-04-16,37,4,7,International,28
2026-04-16,38,4,8,International,28
2026-04-16,39,4,9,International,28
2026-04-16,40,4,10,International,28
2026-04-16,41,5,1,International,28
2026-04-16,42,5,2,International,28
2026-04-16,43,5,3,International,28
2026-04-16,44,5,4,International,28
2026-04-16,45,5,5,International,28
2026-04-16,46,5,6,International,28
2026-04-16,47,5,7,International,28
2026-04-16,48,5,8,International,28
2026-04-16,49,5,9,International,28
2026-04-16,50,5,10,International,28
2026-04-16,51,6,1,International,28
2026-04-16,52,6,2,International,28
2026-04-16,53,6,3,International,28
2026-04-16,54,6,4,International,28
2026-04-16,55,6,5,International,28
2026-04-16,56,6,6,International,28
2026-04-16,57,6,7,International,28
2026-04-16,58,6,8,International,28
2026-04-16,59,6,9,International,28
2026-04-16,60,6,10,International,28
2026-04-16,61,7,1,International,28
2026-04-16,62,7,2,International,28
2026-04-16,63,7,3,International,28
2026-04-16,64,7,4,International,28
2026-04-16,65,7,5,International,28
2026-04-16,66,7,6,International,28
2026-04-16,67,7,7,International,28
2026-04-16,68,7,8,International,28
2026-04-16,69,7,9,International,28
2026-04-16,70,7,10,International,28
2026-04-16,71,8,1,International,28
2026-04-16,72,8,2,International,28
2026-04-16,73,8,3,International,28
2026-04-16,74,8,4,International,28
2026-04-16,75,8,5,International,28
2026-04-16,76,8,6,International,28
2026-04-16,77,8,7,International,28
2026-04-16,78,8,8,International,28
2026-04-16,79,8,9,International,28
2026-04-16,80,8,10,International,28
2026-04-16,81,9,1,International,28
2026-04-16,82,9,2,International,28
2026-04-16,83,9,3,International,28
2026-04-16,84,9,4,International,28
2026-04-16,85,9,5,International,28
2026-04-16,86,9,6,International,28
2026-04-16,87,9,7,International,28
2026-04-16,88,9,8,International,28
2026-04-16,89,9,9,International,28
2026-04-16,90,9,10,International,28
2026-04-16,91,10,1,International,28
2026-04-16,92,10,2,International,28
2026-04-16,93,10,3,International,28
2026-04-16,94,10,4,International,28
2026-04-16,95,10,5,International,28
2026-04-16,96,10,6,International,28
2026-04-16,97,10,7,International,28
2026-04-16,98,10,8,International,28
2026-04-16,99,10,9,International,28
2026-04-16,100,10,10,International,28
2026-04-23,1,1,1,Local,27
2026-04-23,2,1,2,Local,27
2026-04-23,3,1,3,Local,27
2026-04-23,4,1,4,Local,27
2026-04-23,5,1,5,Local,27
2026-04-23,6,1,6,Local,27
2026-04-23,7,1,7,Local,27
2026-04-23,8,1,8,Local,27
2026-04-23,9,1,9,Local,27
2026-04-23,10,1,10,Local,27
2026-04-23,11,2,1,Local,27
2026-04-23,12,2,2,Local,27
2026-04-23,13,2,3,Local,27
2026-04-23,14,2,4,Local,27
2026-04-23,15,2,5,Local,27
2026-04-23,16,2,6,Local,27
2026-04-23,17,2,7,Local,27
2026-04-23,18,2,8,Local,27
2026-04-23,19,2,9,Local,27
2026-04-23,20,2,10,Local,27
2026-04-23,21,3,1,Local,27
2026-04-23,22,3,2,Local,27
2026-04-23,23,3,3,Local,27
2026-04-23,24,3,4,Local,27
2026-04-23,25,3,5,Local,27
2026-04-23,26,3,6,Local,27
2026-04-23,27,3,7,Local,27
2026-04-23,28,3,8,International,27
2026-04-23,29,3,9,International,27
2026-04-23,30,3,10,International,27
2026-04-23,31,4,1,International,27
2026-04-23,32,4,2,International,27
2026-04-23,33,4,3,International,27
2026-04-23,34,4,4,International,27
2026-04-23,35,4,5,International,27
2026-04-23,36,4,6,International,27
2026-04-23,37,4,7,International,27
2026-04-23,38,4,8,International,27
2026-04-23,39,4,9,International,27
2026-04-23,40,4,10,International,27
2026-04-23,41,5,1,International,27
2026-04-23,42,5,2,International,27
2026-04-23,43,5,3,International,27
2026-04-23,44,5,4,International,27
2026-04-23,45,5,5,International,27
2026-04-23,46,5,6,International,27
2026-04-23,47,5,7,International,27
2026-04-23,48,5,8,International,27
2026-04-23,49,5,9,International,27
2026-04-23,50,5,10,International,27
2026-04-23,51,6,1,International,27
2026-04-23,52,6,2,International,27
2026-04-23,53,6,3,International,27
2026-04-23,54,6,4,International,27
2026-04-23,55,6,5,International,27
2026-04-23,56,6,6,International,27
2026-04-23,57,6,7,International,27
2026-04-23,58,6,8,International,27
2026-04-23,59,6,9,International,27
2026-04-23,60,6,10,International,27
2026-04-23,61,7,1,International,27
2026-04-23,62,7,2,International,27
2026-04-23,63,7,3,International,27
2026-04-23,64,7,4,International,27
2026-04-23,65,7,5,International,27
2026-04-23,66,7,6,International,27
2026-04-23,67,7,7,International,27
2026-04-23,68,7,8,International,27
2026-04-23,69,7,9,International,27
2026-04-23,70,7,10,International,27
2026-04-23,71,8,1,International,27
2026-04-23,72,8,2,International,27
2026-04-23,73,8,3,International,27
2026-04-23,74,8,4,International,27
2026-04-23,75,8,5,International,27
2026-04-23,76,8,6,International,27
2026-04-23,77,8,7,International,27
2026-04-23,78,8,8,International,27
2026-04-23,79,8,9,International,27
2026-04-23,80,8,10,International,27
2026-04-23,81,9,1,International,27
2026-04-23,82,9,2,International,27
2026-04-23,83,9,3,International,27
2026-04-23,84,9,4,International,27
2026-04-23,85,9,5,International,27
2026-04-23,86,9,6,International,27
2026-04-23,87,9,7,International,27
2026-04-23,88,9,8,International,27
2026-04-23,89,9,9,International,27
2026-04-23,90,9,10,International,27
2026-04-23,91,10,1,International,27
2026-04-23,92,10,2,International,27
2026-04-23,93,10,3,International,27
2026-04-23,94,10,4,International,27
2026-04-23,95,10,5,International,27
2026-04-23,96,10,6,International,27
2026-04-23,97,10,7,International,27
2026-04-23,98,10,8,International,27
2026-04-23,99,10,9,International,27
2026-04-23,100,10,10,International,27
2026-04-30,1,1,1,Local,15
2026-04-30,2,1,2,Local,15
2026-04-30,3,1,3,Local,15
2026-04-30,4,1,4,Local,15
2026-04-30,5,1,5,Local,15
2026-04-30,6,1,6,Local,15
2026-04-30,7,1,7,Local,15
2026-04-30,8,1,8,Local,15
2026-04-30,9,1,9,Local,15
2026-04-30,10,1,10,Local,15
2026-04-30,11,2,1,Local,15
2026-04-30,12,2,2,Local,15
2026-04-30,13,2,3,Local,15
2026-04-30,14,2,4,Local,15
2026-04-30,15,2,5,Local,15
2026-04-30,16,2,6,International,15
2026-04-30,17,2,7,International,15
2026-04-30,18,2,8,International,15
2026-04-30,19,2,9,International,15
2026-04-30,20,2,10,International,15
2026-04-30,21,3,1,International,15
2026-04-30,22,3,2,International,15
2026-04-30,23,3,3,International,15
2026-04-30,24,3,4,International,15
2026-04-30,25,3,5,International,15
2026-04-30,26,3,6,International,15
2026-04-30,27,3,7,International,15
2026-04-30,28,3,8,International,15
2026-04-30,29,3,9,International,15
2026-04-30,30,3,10,International,15
2026-04-30,31,4,1,International,15
2026-04-30,32,4,2,International,15
2026-04-30,33,4,3,International,15
2026-04-30,34,4,4,International,15
2026-04-30,35,4,5,International,15
2026-04-30,36,4,6,International,15
2026-04-30,37,4,7,International,15
2026-04-30,38,4,8,International,15
2026-04-30,39,4,9,International,15
2026-04-30,40,4,10,International,15
2026-04-30,41,5,1,International,15
2026-04-30,42,5,2,International,15
2026-04-30,43,5,3,International,15
2026-04-30,44,5,4,International,15
2026-04-30,45,5,5,International,15
2026-04-30,46,5,6,International,15
2026-04-30,47,5,7,International,15
2026-04-30,48,5,8,International,15
2026-04-30,49,5,9,International,15
2026-04-30,50,5,10,International,15
2026-04-30,51,6,1,International,15
2026-04-30,52,6,2,International,15
2026-04-30,53,6,3,International,15
2026-04-30,54,6,4,International,15
2026-04-30,55,6,5,International,15
2026-04-30,56,6,6,International,15
2026-04-30,57,6,7,International,15
2026-04-30,58,6,8,International,15
2026-04-30,59,6,9,International,15
2026-04-30,60,6,10,International,15
2026-04-30,61,7,1,International,15
2026-04-30,62,7,2,International,15
2026-04-30,63,7,3,International,15
2026-04-30,64,7,4,International,15
2026-04-30,65,7,5,International,15
2026-04-30,66,7,6,International,15
2026-04-30,67,7,7,International,15
2026-04-30,68,7,8,International,15
2026-04-30,69,7,9,International,15
2026-04-30,70,7,10,International,15
2026-04-30,71,8,1,International,15
2026-04-30,72,8,2,International,15
2026-04-30,73,8,3,International,15
2026-04-30,74,8,4,International,15
2026-04-30,75,8,5,International,15
2026-04-30,76,8,6,International,15
2026-04-30,77,8,7,International,15
2026-04-30,78,8,8,International,15
2026-04-30,79,8,9,International,15
2026-04-30,80,8,10,International,15
2026-04-30,81,9,1,International,15
2026-04-30,82,9,2,International,15
2026-04-30,83,9,3,International,15
2026-04-30,84,9,4,International,15
2026-04-30,85,9,5,International,15
2026-04-30,86,9,6,International,15
2026-04-30,87,9,7,International,15
2026-04-30,88,9,8,International,15
2026-04-30,89,9,9,International,15
2026-04-30,90,9,10,International,15
2026-04-30,91,10,1,International,15
2026-04-30,92,10,2,International,15
2026-04-30,93,10,3,International,15
2026-04-30,94,10,4,International,15
2026-04-30,95,10,5,International,15
2026-04-30,96,10,6,International,15
2026-04-30,97,10,7,International,15
2026-04-30,98,10,8,International,15
2026-04-30,99,10,9,International,15
2026-04-30,100,10,10,International,15
